<?xml version="1.0" encoding="UTF-8"?>
<configurationDescriptor version="100">
  <logicalFolder name="root" displayName="root" projectFiles="true" kind="ROOT">
    <logicalFolder name="HeaderFiles"
                   displayName="Header Files"
                   projectFiles="true">
      <itemPath>adm.h</itemPath>
      <itemPath>report.h</itemPath>
      <itemPath>user.h</itemPath>
      <itemPath>utilities.h</itemPath>
    </logicalFolder>
    <logicalFolder name="ResourceFiles"
                   displayName="Resource Files"
                   projectFiles="true">
    </logicalFolder>
    <logicalFolder name="SourceFiles"
                   displayName="Source Files"
                   projectFiles="true">
      <itemPath>adm.c</itemPath>
      <itemPath>main.c</itemPath>
      <itemPath>report.c</itemPath>
      <itemPath>user.c</itemPath>
      <itemPath>utilities.c</itemPath>
    </logicalFolder>
    <logicalFolder name="TestFiles"
                   displayName="Test Files"
                   projectFiles="false"
                   kind="TEST_LOGICAL_FOLDER">
    </logicalFolder>
    <logicalFolder name="ExternalFiles"
                   displayName="Important Files"
                   projectFiles="false"
                   kind="IMPORTANT_FILES_FOLDER">
      <itemPath>Makefile</itemPath>
    </logicalFolder>
  </logicalFolder>
  <projectmakefile>Makefile</projectmakefile>
  <confs>
    <conf name="Debug" type="1">
      <toolsSet>
        <compilerSet>default</compilerSet>
        <dependencyChecking>true</dependencyChecking>
        <rebuildPropChanged>false</rebuildPropChanged>
      </toolsSet>
      <compileType>
      </compileType>
      <item path="adm.c" ex="false" tool="0" flavor2="0">
      </item>
      <item path="adm.h" ex="false" tool="3" flavor2="0">
      </item>
      <item path="main.c" ex="false" tool="0" flavor2="0">
      </item>
      <item path="report.c" ex="false" tool="0" flavor2="0">
      </item>
      <item path="report.h" ex="false" tool="3" flavor2="0">
      </item>
      <item path="user.c" ex="false" tool="0" flavor2="0">
      </item>
      <item path="user.h" ex="false" tool="3" flavor2="0">
      </item>
      <item path="utilities.c" ex="false" tool="0" flavor2="0">
      </item>
      <item path="utilities.h" ex="false" tool="3" flavor2="0">
      </item>
    </conf>
    <conf name="Release" type="1">
      <toolsSet>
        <compilerSet>default</compilerSet>
        <dependencyChecking>true</dependencyChecking>
        <rebuildPropChanged>false</rebuildPropChanged>
      </toolsSet>
      <compileType>
        <cTool>
          <developmentMode>5</developmentMode>
        </cTool>
        <ccTool>
          <developmentMode>5</developmentMode>
        </ccTool>
        <fortranCompilerTool>
          <developmentMode>5</developmentMode>
        </fortranCompilerTool>
        <asmTool>
          <developmentMode>5</developmentMode>
        </asmTool>
      </compileType>
      <item path="adm.c" ex="false" tool="0" flavor2="0">
      </item>
      <item path="adm.h" ex="false" tool="3" flavor2="0">
      </item>
      <item path="main.c" ex="false" tool="0" flavor2="0">
      </item>
      <item path="report.c" ex="false" tool="0" flavor2="0">
      </item>
      <item path="report.h" ex="false" tool="3" flavor2="0">
      </item>
      <item path="user.c" ex="false" tool="0" flavor2="0">
      </item>
      <item path="user.h" ex="false" tool="3" flavor2="0">
      </item>
      <item path="utilities.c" ex="false" tool="0" flavor2="0">
      </item>
      <item path="utilities.h" ex="false" tool="3" flavor2="0">
      </item>
    </conf>
  </confs>
</configurationDescriptor>
