<?xml version="1.0" encoding="UTF-8"?>
<project-private xmlns="http://www.netbeans.org/ns/project-private/1">
    <data xmlns="http://www.netbeans.org/ns/make-project-private/1">
        <activeConfTypeElem>1</activeConfTypeElem>
        <activeConfIndexElem>0</activeConfIndexElem>
    </data>
    <editor-bookmarks xmlns="http://www.netbeans.org/ns/editor-bookmarks/2" lastBookmarkId="0"/>
    <open-files xmlns="http://www.netbeans.org/ns/projectui-open-files/2">
        <group>
            <file>file:/C:/Users/vitor/OneDrive/Ambiente%20de%20Trabalho/LEI%20CADEIRAS/LEI-LP/Projeto%20LP%20LEI%20T2%20grupo%2016/adm.c</file>
            <file>file:/C:/Users/vitor/OneDrive/Ambiente%20de%20Trabalho/LEI%20CADEIRAS/LEI-LP/Projeto%20LP%20LEI%20T2%20grupo%2016/utilities.c</file>
            <file>file:/C:/Users/vitor/OneDrive/Ambiente%20de%20Trabalho/LEI%20CADEIRAS/LEI-LP/Projeto%20LP%20LEI%20T2%20grupo%2016/main.c</file>
            <file>file:/C:/Users/vitor/OneDrive/Ambiente%20de%20Trabalho/LEI%20CADEIRAS/LEI-LP/Projeto%20LP%20LEI%20T2%20grupo%2016/report.h</file>
            <file>file:/C:/Users/vitor/OneDrive/Ambiente%20de%20Trabalho/LEI%20CADEIRAS/LEI-LP/Projeto%20LP%20LEI%20T2%20grupo%2016/utilities.h</file>
            <file>file:/C:/Users/vitor/OneDrive/Ambiente%20de%20Trabalho/LEI%20CADEIRAS/LEI-LP/Projeto%20LP%20LEI%20T2%20grupo%2016/user.h</file>
            <file>file:/C:/Users/vitor/OneDrive/Ambiente%20de%20Trabalho/LEI%20CADEIRAS/LEI-LP/Projeto%20LP%20LEI%20T2%20grupo%2016/report.c</file>
            <file>file:/C:/Users/vitor/OneDrive/Ambiente%20de%20Trabalho/LEI%20CADEIRAS/LEI-LP/Projeto%20LP%20LEI%20T2%20grupo%2016/user.c</file>
            <file>file:/C:/Users/vitor/OneDrive/Ambiente%20de%20Trabalho/LEI%20CADEIRAS/LEI-LP/Projeto%20LP%20LEI%20T2%20grupo%2016/adm.h</file>
        </group>
    </open-files>
</project-private>
